{
  "vagas": [
    {
      "id": 1,
      "nome": "Desenvolver Front End Jr",
      "foto": "foto1.jpg",
      "descricao": "Trabalhar com Angular",
      "salario": 5000
    },
    {
      "id": 2,
      "nome": "Desenvolver BackEnd Pleno",
      "foto": "foto2.jpg",
      "descricao": "Trabalhar com Spring Boot",
      "salario": 7000
    },
    {
      "id": 3,
      "nome": "Desenvolver Fullstack Senior",
      "foto": "foto3.jpg",
      "descricao": "Trabalhar com Angular e Spring",
      "salario": 10000
    }
  ]
}